Workbook
Name lut_disruption: 'Discrete Utility Functions'!$C$21:$D$29
Name lut_energy: 'Discrete Utility Functions'!$B$7:$D$15

Sheet Discrete Utility Functions
B2: Discrete Utility Function
B4: Criterion: 'Energy efficiency rating of a building (Austrian Energy Certificate)'
B6: Energy Class | C6: Description | D6: Utility Value u
B7: A++ | C7: Extremely energy-efficient (≤ 10 kWh/m²a) | D7: 1
B8: A+ | C8: Nearly zero-energy (≤ 25 kWh/m²a) | D8: 0.9
B9: A | C9: Very high efficiency (≤ 50 kWh/m²a) | D9: 0.75
B10: B | C10: High efficiency (≤ 100 kWh/m²a) | D10: 0.55
B11: C | C11: Moderate efficiency (≤ 150 kWh/m²a) | D11: 0.35
B12: D | C12: Below average (≤ 200 kWh/m²a) | D12: 0.15
B13: E | C13: Poor to very poor efficiency (> 200 kWh/m²a) | D13: 0
B14: F | C14: Poor to very poor efficiency (> 200 kWh/m²a) | D14: 0
B15: G | C15: Poor to very poor efficiency (> 200 kWh/m²a) | D15: 0
B18: Criterion: 'Disruption of tenants due to construction works'
B20: Energy class | C20: Disruption outlook | D20: Utility Value u
B21: A++ | C21: Very high | D21: 0
B22: A+ | C22: High | D22: 0.15
B23: A | C23: High | D23: 0.15
B24: B | C24: Medium | D24: 0.4
B25: C | C25: Medium | D25: 0.4
B26: D | C26: Low | D26: 0.8
B27: E | C27: Low | D27: 0.8
B28: F | C28: Very Low | D28: 1
B29: G | C29: Very Low | D29: 1

Sheet Continuous Utility Functions
B3: Continuous Utility Function
B5: Parameter | C5: Meaning | D5: Value (€)
B6: x_min | C6: Minimum cost 👉 best outcome (u = 1.0) | D6: 20000
B7: x_max | C7: Maximum cost 👉 worst outcome (u = 0.0) | D7: 100000
C9: Utility function type
C10: Linear | D10: Convex | E10: Concave
B11: x [€] | C11: Equal weight to every € saved | D11: more risk-seeking | E11: more risk-averse
B12: 20000 | C12: =($D$7-B12)/($D$7-$D$6) -> 1 | D12: =(($D$7-B12)/($D$7-$D$6))^0.5 -> 1 | E12: =(($D$7-B12)/($D$7-$D$6))^2 -> 1
B13: 24000 | C13: =($D$7-B13)/($D$7-$D$6) -> 0.95 | D13: =(($D$7-B13)/($D$7-$D$6))^0.5 -> 0.97467943 | E13: =(($D$7-B13)/($D$7-$D$6))^2 -> 0.9025
B14: 28000 | C14: =($D$7-B14)/($D$7-$D$6) -> 0.9 | D14: =(($D$7-B14)/($D$7-$D$6))^0.5 -> 0.9486833 | E14: =(($D$7-B14)/($D$7-$D$6))^2 -> 0.81
B15: 32000 | C15: =($D$7-B15)/($D$7-$D$6) -> 0.85 | D15: =(($D$7-B15)/($D$7-$D$6))^0.5 -> 0.92195445 | E15: =(($D$7-B15)/($D$7-$D$6))^2 -> 0.7225
B16: 36000 | C16: =($D$7-B16)/($D$7-$D$6) -> 0.8 | D16: =(($D$7-B16)/($D$7-$D$6))^0.5 -> 0.89442719 | E16: =(($D$7-B16)/($D$7-$D$6))^2 -> 0.64
B17: 40000 | C17: =($D$7-B17)/($D$7-$D$6) -> 0.75 | D17: =(($D$7-B17)/($D$7-$D$6))^0.5 -> 0.8660254 | E17: =(($D$7-B17)/($D$7-$D$6))^2 -> 0.5625
B18: 44000 | C18: =($D$7-B18)/($D$7-$D$6) -> 0.7 | D18: =(($D$7-B18)/($D$7-$D$6))^0.5 -> 0.83666003 | E18: =(($D$7-B18)/($D$7-$D$6))^2 -> 0.49
B19: 48000 | C19: =($D$7-B19)/($D$7-$D$6) -> 0.65 | D19: =(($D$7-B19)/($D$7-$D$6))^0.5 -> 0.80622577 | E19: =(($D$7-B19)/($D$7-$D$6))^2 -> 0.4225
B20: 52000 | C20: =($D$7-B20)/($D$7-$D$6) -> 0.6 | D20: =(($D$7-B20)/($D$7-$D$6))^0.5 -> 0.77459667 | E20: =(($D$7-B20)/($D$7-$D$6))^2 -> 0.36
B21: 56000 | C21: =($D$7-B21)/($D$7-$D$6) -> 0.55 | D21: =(($D$7-B21)/($D$7-$D$6))^0.5 -> 0.74161985 | E21: =(($D$7-B21)/($D$7-$D$6))^2 -> 0.3025
B22: 60000 | C22: =($D$7-B22)/($D$7-$D$6) -> 0.5 | D22: =(($D$7-B22)/($D$7-$D$6))^0.5 -> 0.70710678 | E22: =(($D$7-B22)/($D$7-$D$6))^2 -> 0.25
B23: 64000 | C23: =($D$7-B23)/($D$7-$D$6) -> 0.45 | D23: =(($D$7-B23)/($D$7-$D$6))^0.5 -> 0.67082039 | E23: =(($D$7-B23)/($D$7-$D$6))^2 -> 0.2025
... B32: 100000 | C32: =($D$7-B32)/($D$7-$D$6) -> 0 | D32: =(($D$7-B32)/($D$7-$D$6))^0.5 -> 0 | E32: =(($D$7-B32)/($D$7-$D$6))^2 -> 0

Sheet MCUA
B2: Multicriteria Utility Analysis
B4: Criteria & options
C6: Criterion | D6: Option A – Deep Retrofit | E6: Option B – Moderate Retrofit | F6: Option C – Light Retrofit
C7: Investment cost [€] | D7: 90000 | E7: 60000 | F7: 30000
C8: Energy class | D8: A++ | E8: B | F8: D
C9: Disruption to tenants | D9: =VLOOKUP(D8,'Discrete Utility Functions'!$B$21:$C$29,2,0) -> Very high | E9: Medium | F9: Low
B11: Utlity values per criterion
B13: Comment | C13: Criterion | D13: Option A – Deep Retrofit | E13: Option B – Moderate Retrofit | F13: Option C – Light Retrofit
B14: Linear Utility Function | C14: Investment cost [€] | D14: =('Continuous Utility Functions'!$D$7-D7)/('Continuous Utility Functions'!$D$7-'Continuous Utility Functions'!$D$6) -> 0.125 | E14: =('Continuous Utility Functions'!$D$7-E7)/('Continuous Utility Functions'!$D$7-'Continuous Utility Functions'!$D$6) -> 0.5 | F14: =('Continuous Utility Functions'!$D$7-F7)/('Continuous Utility Functions'!$D$7-'Continuous Utility Functions'!$D$6) -> 0.875
C15: Energy class | D15: =VLOOKUP(D8,lut_energy,3,0) -> 1 | E15: =VLOOKUP(E8,lut_energy,3,0) -> 0.55 | F15: =VLOOKUP(F8,lut_energy,3,0) -> 0.15
C16: Disruption to tenants | D16: =VLOOKUP(D9,lut_disruption,2,0) -> 0 | E16: =VLOOKUP(E9,lut_disruption,2,0) -> 0.4 | F16: =VLOOKUP(F9,lut_disruption,2,0) -> 0.8
B18: Aggregation of utility values to total
B20: Weighted Score | C20: Weight | D20: Option A | E20: Option B | F20: Option C
B21: Investment cost [€] | C21: 0.3 | D21: =$C21*D14 -> 0.0375 | E21: =$C21*E14 -> 0.15 | F21: =$C21*F14 -> 0.2625
B22: Energy class | C22: 0.6 | D22: =$C22*D15 -> 0.6 | E22: =$C22*E15 -> 0.33 | F22: =$C22*F15 -> 0.09
B23: Disruption to tenants | C23: 0.1 | D23: =$C23*D16 -> 0 | E23: =$C23*E16 -> 0.04 | F23: =$C23*F16 -> 0.08
B24: Total: | C24: =SUM(C21:C23) -> 1 | D24: =SUM(D21:D23) -> 0.6375 | E24: =SUM(E21:E23) -> 0.52 | F24: =SUM(F21:F23) -> 0.4325

Sheet Example Data Table
B2: Data Table with 1 changing variable | H2: Data Table with 2 changing variables
H4: Weight A: | I4: 1
C5: Costs per unit: | D5: 1 | H5: Weight B: | I5: 0
C6: Units: | D6: 5 | H6: Utility Value A: | I6: 0.6
C7: Total Costs: | D7: =D5*D6 -> 5 | H7: Utility Value B: | I7: 0.6
D9: Total Costs
D10: =D7 -> 5 | J10: Weight B:
B11: Costs per unit: | C11: 1 | I11: =SUMPRODUCT(I4:I5,I6:I7) -> 0.6 | J11: =1-I12 -> 1 | K11: =1-I13 -> 0.9 | L11: =1-I14 -> 0.8 | M11: =1-I15 -> 0.7 | N11: =1-I16 -> 0.6 | O11: =1-I17 -> 0.5 | P11: =1-I18 -> 0.4 | Q11: =1-I19 -> 0.3 | R11: =1-I20 -> 0.2 | S11: =1-I21 -> 0.1 | T11: =1-I22 -> 0
C12: 2 | H12: Weight A: | I12: 0
C13: 3 | I13: 0.1
C14: 4 | I14: 0.2
C15: 5 | I15: 0.3
C16: 6 | I16: 0.4
C17: 7 | I17: 0.5
C18: 8 | I18: 0.6
C19: 9 | I19: 0.7
C20: 10 | I20: 0.8
C21: 11 | I21: 0.9
C22: 12 | I22: 1
C23: 13
C24: 14
C25: 15
C26: 16

Sheet MCUA Scenarios
B2: MCUA – Sensitivity Analysis: Multiple Weighting Scenarios
B4: Scenario | D4: w₁ Investment Cost | E4: w₂ Energy Class | F4: w₃ Disruption to Tenants | G4: Check: Σ Weights = 1 | H4: Total Utility Option A (Deep Retrofit) | I4: Total Utility Option B (Moderate Retrofit) | J4: Total Utility Option C (Light Retrofit) | K4: Rank Option A | L4: Rank Option B | M4: Rank Option C
B5: 1 | C5: Baseline (current weights) | D5: 0.3 | E5: 0.6 | F5: 0.1 | G5: =SUM(D5:F5) -> 1 | H5: =ROUND($D5*MCUA!$D$14+$E5*MCUA!$D$15+$F5*MCUA!$D$16,2) -> 0.64 | I5: =ROUND(D5*MCUA!$E$14+E5*MCUA!$E$15+F5*MCUA!$E$16,2) -> 0.52 | J5: =ROUND(D5*MCUA!$F$14+E5*MCUA!$F$15+F5*MCUA!$F$16,2) -> 0.43 | K5: =_xlfn.RANK.EQ(H5,$H5:$J5) -> 1 | L5: =_xlfn.RANK.EQ(I5,$H5:$J5) -> 2 | M5: =_xlfn.RANK.EQ(J5,$H5:$J5) -> 3
B6: 2 | C6: Equal weights | D6: 0.33333333 | E6: 0.33333333 | F6: 0.33333333 | G6: =SUM(D6:F6) -> 1 | H6: =ROUND($D6*MCUA!$D$14+$E6*MCUA!$D$15+$F6*MCUA!$D$16,2) -> 0.38 | I6: =ROUND(D6*MCUA!$E$14+E6*MCUA!$E$15+F6*MCUA!$E$16,2) -> 0.48 | J6: =ROUND(D6*MCUA!$F$14+E6*MCUA!$F$15+F6*MCUA!$F$16,2) -> 0.61 | K6: =_xlfn.RANK.EQ(H6,$H6:$J6) -> 3 | L6: =_xlfn.RANK.EQ(I6,$H6:$J6) -> 2 | M6: =_xlfn.RANK.EQ(J6,$H6:$J6) -> 1
B7: 3 | C7: Cost-focused | D7: 0.7 | E7: 0.2 | F7: 0.1 | G7: =SUM(D7:F7) -> 1 | H7: =ROUND($D7*MCUA!$D$14+$E7*MCUA!$D$15+$F7*MCUA!$D$16,2) -> 0.29 | I7: =ROUND(D7*MCUA!$E$14+E7*MCUA!$E$15+F7*MCUA!$E$16,2) -> 0.5 | J7: =ROUND(D7*MCUA!$F$14+E7*MCUA!$F$15+F7*MCUA!$F$16,2) -> 0.72 | K7: =_xlfn.RANK.EQ(H7,$H7:$J7) -> 3 | L7: =_xlfn.RANK.EQ(I7,$H7:$J7) -> 2 | M7: =_xlfn.RANK.EQ(J7,$H7:$J7) -> 1
B8: 4 | C8: Very cost-focused | D8: 0.8 | E8: 0.1 | F8: 0.1 | G8: =SUM(D8:F8) -> 1 | H8: =ROUND($D8*MCUA!$D$14+$E8*MCUA!$D$15+$F8*MCUA!$D$16,2) -> 0.2 | I8: =ROUND(D8*MCUA!$E$14+E8*MCUA!$E$15+F8*MCUA!$E$16,2) -> 0.5 | J8: =ROUND(D8*MCUA!$F$14+E8*MCUA!$F$15+F8*MCUA!$F$16,2) -> 0.8 | K8: =_xlfn.RANK.EQ(H8,$H8:$J8) -> 3 | L8: =_xlfn.RANK.EQ(I8,$H8:$J8) -> 2 | M8: =_xlfn.RANK.EQ(J8,$H8:$J8) -> 1
B9: 5 | C9: Energy-focused | D9: 0.2 | E9: 0.7 | F9: 0.1 | G9: =SUM(D9:F9) -> 1 | H9: =ROUND($D9*MCUA!$D$14+$E9*MCUA!$D$15+$F9*MCUA!$D$16,2) -> 0.73 | I9: =ROUND(D9*MCUA!$E$14+E9*MCUA!$E$15+F9*MCUA!$E$16,2) -> 0.53 | J9: =ROUND(D9*MCUA!$F$14+E9*MCUA!$F$15+F9*MCUA!$F$16,2) -> 0.36 | K9: =_xlfn.RANK.EQ(H9,$H9:$J9) -> 1 | L9: =_xlfn.RANK.EQ(I9,$H9:$J9) -> 2 | M9: =_xlfn.RANK.EQ(J9,$H9:$J9) -> 3
B10: 6 | C10: Tenant comfort-focused | D10: 0.2 | E10: 0.1 | F10: 0.7 | G10: =SUM(D10:F10) -> 1 | H10: =ROUND($D10*MCUA!$D$14+$E10*MCUA!$D$15+$F10*MCUA!$D$16,2) -> 0.13 | I10: =ROUND(D10*MCUA!$E$14+E10*MCUA!$E$15+F10*MCUA!$E$16,2) -> 0.44 | J10: =ROUND(D10*MCUA!$F$14+E10*MCUA!$F$15+F10*MCUA!$F$16,2) -> 0.75 | K10: =_xlfn.RANK.EQ(H10,$H10:$J10) -> 3 | L10: =_xlfn.RANK.EQ(I10,$H10:$J10) -> 2 | M10: =_xlfn.RANK.EQ(J10,$H10:$J10) -> 1
B11: 7 | C11: Cost & energy balanced | D11: 0.45 | E11: 0.45 | F11: 0.1 | G11: =SUM(D11:F11) -> 1 | H11: =ROUND($D11*MCUA!$D$14+$E11*MCUA!$D$15+$F11*MCUA!$D$16,2) -> 0.51 | I11: =ROUND(D11*MCUA!$E$14+E11*MCUA!$E$15+F11*MCUA!$E$16,2) -> 0.51 | J11: =ROUND(D11*MCUA!$F$14+E11*MCUA!$F$15+F11*MCUA!$F$16,2) -> 0.54 | K11: =_xlfn.RANK.EQ(H11,$H11:$J11) -> 2 | L11: =_xlfn.RANK.EQ(I11,$H11:$J11) -> 2 | M11: =_xlfn.RANK.EQ(J11,$H11:$J11) -> 1
B12: 8 | C12: Cost & tenant balanced | D12: 0.45 | E12: 0.1 | F12: 0.45 | G12: =SUM(D12:F12) -> 1 | H12: =ROUND($D12*MCUA!$D$14+$E12*MCUA!$D$15+$F12*MCUA!$D$16,2) -> 0.16 | I12: =ROUND(D12*MCUA!$E$14+E12*MCUA!$E$15+F12*MCUA!$E$16,2) -> 0.46 | J12: =ROUND(D12*MCUA!$F$14+E12*MCUA!$F$15+F12*MCUA!$F$16,2) -> 0.77 | K12: =_xlfn.RANK.EQ(H12,$H12:$J12) -> 3 | L12: =_xlfn.RANK.EQ(I12,$H12:$J12) -> 2 | M12: =_xlfn.RANK.EQ(J12,$H12:$J12) -> 1
B13: 9 | C13: Energy & tenant balanced | D13: 0.1 | E13: 0.45 | F13: 0.45 | G13: =SUM(D13:F13) -> 1 | H13: =ROUND($D13*MCUA!$D$14+$E13*MCUA!$D$15+$F13*MCUA!$D$16,2) -> 0.46 | I13: =ROUND(D13*MCUA!$E$14+E13*MCUA!$E$15+F13*MCUA!$E$16,2) -> 0.48 | J13: =ROUND(D13*MCUA!$F$14+E13*MCUA!$F$15+F13*MCUA!$F$16,2) -> 0.52 | K13: =_xlfn.RANK.EQ(H13,$H13:$J13) -> 3 | L13: =_xlfn.RANK.EQ(I13,$H13:$J13) -> 2 | M13: =_xlfn.RANK.EQ(J13,$H13:$J13) -> 1
B14: 10 | C14: Cost dominant, rest equal | D14: 0.5 | E14: 0.25 | F14: 0.25 | G14: =SUM(D14:F14) -> 1 | H14: =ROUND($D14*MCUA!$D$14+$E14*MCUA!$D$15+$F14*MCUA!$D$16,2) -> 0.31 | I14: =ROUND(D14*MCUA!$E$14+E14*MCUA!$E$15+F14*MCUA!$E$16,2) -> 0.49 | J14: =ROUND(D14*MCUA!$F$14+E14*MCUA!$F$15+F14*MCUA!$F$16,2) -> 0.68 | K14: =_xlfn.RANK.EQ(H14,$H14:$J14) -> 3 | L14: =_xlfn.RANK.EQ(I14,$H14:$J14) -> 2 | M14: =_xlfn.RANK.EQ(J14,$H14:$J14) -> 1
B15: 11 | C15: Sustainability-focused | D15: 0.2 | E15: 0.5 | F15: 0.3 | G15: =SUM(D15:F15) -> 1 | H15: =ROUND($D15*MCUA!$D$14+$E15*MCUA!$D$15+$F15*MCUA!$D$16,2) -> 0.53 | I15: =ROUND(D15*MCUA!$E$14+E15*MCUA!$E$15+F15*MCUA!$E$16,2) -> 0.5 | J15: =ROUND(D15*MCUA!$F$14+E15*MCUA!$F$15+F15*MCUA!$F$16,2) -> 0.49 | K15: =_xlfn.RANK.EQ(H15,$H15:$J15) -> 1 | L15: =_xlfn.RANK.EQ(I15,$H15:$J15) -> 2 | M15: =_xlfn.RANK.EQ(J15,$H15:$J15) -> 3
J17: Mean: | K17: =AVERAGE(K5:K15) -> 2.3636364 | L17: =AVERAGE(L5:L15) -> 2 | M17: =AVERAGE(M5:M15) -> 1.5454545
J18: Median: | K18: =MEDIAN(K5:K15) -> 3 | L18: =MEDIAN(L5:L15) -> 2 | M18: =MEDIAN(M5:M15) -> 1
